[{"model": "admin.logentry", "pk": 1, "fields": {"action_time": "2023-07-05T17:31:59.532Z", "user": "admin@gmail.com", "content_type": 9, "object_id": "1", "object_repr": "Department object (1)", "action_flag": 1, "change_message": "[{\"added\": {}}]"}}, {"model": "admin.logentry", "pk": 2, "fields": {"action_time": "2023-07-05T17:35:06.115Z", "user": "admin@gmail.com", "content_type": 11, "object_id": "1", "object_repr": "Event object (1)", "action_flag": 1, "change_message": "[{\"added\": {}}]"}}, {"model": "admin.logentry", "pk": 3, "fields": {"action_time": "2023-07-31T19:12:13.976Z", "user": "admin@gmail.com", "content_type": 6, "object_id": "okarera@compstaffing.com", "object_repr": "okarera@compstaffing.com", "action_flag": 2, "change_message": "[{\"changed\": {\"fields\": [\"Status\"]}}]"}}, {"model": "admin.logentry", "pk": 4, "fields": {"action_time": "2023-07-31T19:12:24.126Z", "user": "admin@gmail.com", "content_type": 6, "object_id": "kevin@gmail.com", "object_repr": "kevin@gmail.com", "action_flag": 2, "change_message": "[{\"changed\": {\"fields\": [\"Status\"]}}]"}}, {"model": "admin.logentry", "pk": 5, "fields": {"action_time": "2023-07-31T19:12:31.524Z", "user": "admin@gmail.com", "content_type": 6, "object_id": "jeannine@gmail.com", "object_repr": "jeannine@gmail.com", "action_flag": 2, "change_message": "[{\"changed\": {\"fields\": [\"Status\"]}}]"}}, {"model": "admin.logentry", "pk": 6, "fields": {"action_time": "2023-07-31T19:12:38.447Z", "user": "admin@gmail.com", "content_type": 6, "object_id": "gatera@gmail.com", "object_repr": "gatera@gmail.com", "action_flag": 2, "change_message": "[{\"changed\": {\"fields\": [\"Status\"]}}]"}}, {"model": "admin.logentry", "pk": 7, "fields": {"action_time": "2023-07-31T19:12:59.249Z", "user": "admin@gmail.com", "content_type": 6, "object_id": "admin@gmail.com", "object_repr": "admin@gmail.com", "action_flag": 2, "change_message": "[{\"changed\": {\"fields\": [\"First name\", \"Last name\", \"Phone\", \"Status\"]}}]"}}, {"model": "admin.logentry", "pk": 8, "fields": {"action_time": "2023-07-31T19:13:17.338Z", "user": "admin@gmail.com", "content_type": 6, "object_id": "godwin@gmail.com", "object_repr": "godwin@gmail.com", "action_flag": 2, "change_message": "[{\"changed\": {\"fields\": [\"Status\"]}}]"}}, {"model": "admin.logentry", "pk": 9, "fields": {"action_time": "2023-07-31T19:42:24.237Z", "user": "admin@gmail.com", "content_type": 3, "object_id": "1", "object_repr": "HOD", "action_flag": 1, "change_message": "[{\"added\": {}}]"}}, {"model": "admin.logentry", "pk": 10, "fields": {"action_time": "2023-07-31T19:42:38.403Z", "user": "admin@gmail.com", "content_type": 3, "object_id": "2", "object_repr": "Church board", "action_flag": 1, "change_message": "[{\"added\": {}}]"}}, {"model": "admin.logentry", "pk": 11, "fields": {"action_time": "2023-07-31T19:48:22.628Z", "user": "admin@gmail.com", "content_type": 3, "object_id": "2", "object_repr": "Church board", "action_flag": 3, "change_message": ""}}, {"model": "admin.logentry", "pk": 12, "fields": {"action_time": "2023-07-31T19:48:22.759Z", "user": "admin@gmail.com", "content_type": 3, "object_id": "1", "object_repr": "HOD", "action_flag": 3, "change_message": ""}}, {"model": "admin.logentry", "pk": 13, "fields": {"action_time": "2023-07-31T19:49:20.784Z", "user": "admin@gmail.com", "content_type": 3, "object_id": "3", "object_repr": "HOD", "action_flag": 1, "change_message": "[{\"added\": {}}]"}}, {"model": "admin.logentry", "pk": 14, "fields": {"action_time": "2023-07-31T19:49:29.859Z", "user": "admin@gmail.com", "content_type": 3, "object_id": "4", "object_repr": "Church board", "action_flag": 1, "change_message": "[{\"added\": {}}]"}}, {"model": "admin.logentry", "pk": 15, "fields": {"action_time": "2023-07-31T19:56:05.508Z", "user": "admin@gmail.com", "content_type": 3, "object_id": "5", "object_repr": "HOD1", "action_flag": 1, "change_message": "[{\"added\": {}}]"}}, {"model": "admin.logentry", "pk": 16, "fields": {"action_time": "2023-07-31T19:56:31.417Z", "user": "admin@gmail.com", "content_type": 3, "object_id": "3", "object_repr": "HOD", "action_flag": 3, "change_message": ""}}, {"model": "admin.logentry", "pk": 17, "fields": {"action_time": "2023-07-31T19:56:40.333Z", "user": "admin@gmail.com", "content_type": 3, "object_id": "5", "object_repr": "HOD", "action_flag": 2, "change_message": "[{\"changed\": {\"fields\": [\"Name\"]}}]"}}, {"model": "admin.logentry", "pk": 18, "fields": {"action_time": "2023-07-31T19:57:24.977Z", "user": "admin@gmail.com", "content_type": 3, "object_id": "4", "object_repr": "Church board", "action_flag": 2, "change_message": "[]"}}, {"model": "admin.logentry", "pk": 19, "fields": {"action_time": "2023-07-31T19:58:00.752Z", "user": "admin@gmail.com", "content_type": 3, "object_id": "4", "object_repr": "Church board", "action_flag": 2, "change_message": "[{\"changed\": {\"fields\": [\"Permissions\"]}}]"}}, {"model": "admin.logentry", "pk": 20, "fields": {"action_time": "2023-08-17T20:36:51.362Z", "user": "admin@gmail.com", "content_type": 3, "object_id": "6", "object_repr": "Admin", "action_flag": 1, "change_message": "[{\"added\": {}}]"}}, {"model": "admin.logentry", "pk": 21, "fields": {"action_time": "2023-08-17T20:37:31.989Z", "user": "admin@gmail.com", "content_type": 6, "object_id": "admin@gmail.com", "object_repr": "admin@gmail.com", "action_flag": 2, "change_message": "[{\"changed\": {\"fields\": [\"Groups\"]}}]"}}, {"model": "admin.logentry", "pk": 22, "fields": {"action_time": "2023-08-17T20:40:04.974Z", "user": "admin@gmail.com", "content_type": 9, "object_id": "2", "object_repr": "Adventist Youth", "action_flag": 1, "change_message": "[{\"added\": {}}]"}}, {"model": "admin.logentry", "pk": 23, "fields": {"action_time": "2023-08-17T20:40:33.213Z", "user": "admin@gmail.com", "content_type": 9, "object_id": "3", "object_repr": "Mifem", "action_flag": 1, "change_message": "[{\"added\": {}}]"}}, {"model": "admin.logentry", "pk": 24, "fields": {"action_time": "2023-08-27T15:38:12.337Z", "user": "admin@gmail.com", "content_type": 13, "object_id": "2", "object_repr": "TitheOffering object (2)", "action_flag": 3, "change_message": ""}}, {"model": "admin.logentry", "pk": 25, "fields": {"action_time": "2023-08-27T15:38:12.347Z", "user": "admin@gmail.com", "content_type": 13, "object_id": "1", "object_repr": "TitheOffering object (1)", "action_flag": 3, "change_message": ""}}, {"model": "admin.logentry", "pk": 26, "fields": {"action_time": "2023-08-27T15:39:56.669Z", "user": "admin@gmail.com", "content_type": 13, "object_id": "3", "object_repr": "TitheOffering object (3)", "action_flag": 3, "change_message": ""}}, {"model": "admin.logentry", "pk": 27, "fields": {"action_time": "2023-09-04T23:50:28.742Z", "user": "admin@gmail.com", "content_type": 14, "object_id": "1", "object_repr": "Olivier Karera", "action_flag": 1, "change_message": "[{\"added\": {}}]"}}, {"model": "admin.logentry", "pk": 28, "fields": {"action_time": "2023-09-05T01:21:20.783Z", "user": "admin@gmail.com", "content_type": 9, "object_id": "4", "object_repr": "Finance", "action_flag": 1, "change_message": "[{\"added\": {}}]"}}, {"model": "admin.logentry", "pk": 29, "fields": {"action_time": "2023-09-05T02:17:41.533Z", "user": "admin@gmail.com", "content_type": 9, "object_id": "5", "object_repr": "None", "action_flag": 1, "change_message": "[{\"added\": {}}]"}}, {"model": "admin.logentry", "pk": 30, "fields": {"action_time": "2023-09-05T02:46:01.774Z", "user": "admin@gmail.com", "content_type": 14, "object_id": "1", "object_repr": "Ministry", "action_flag": 3, "change_message": ""}}, {"model": "admin.logentry", "pk": 31, "fields": {"action_time": "2023-09-05T19:32:00.331Z", "user": "admin@gmail.com", "content_type": 9, "object_id": "6", "object_repr": "Community Work", "action_flag": 1, "change_message": "[{\"added\": {}}]"}}, {"model": "admin.logentry", "pk": 32, "fields": {"action_time": "2023-09-05T19:32:28.519Z", "user": "admin@gmail.com", "content_type": 9, "object_id": "7", "object_repr": "Sabbath School", "action_flag": 1, "change_message": "[{\"added\": {}}]"}}, {"model": "admin.logentry", "pk": 33, "fields": {"action_time": "2023-09-05T21:15:24.790Z", "user": "admin@gmail.com", "content_type": 9, "object_id": "6", "object_repr": "Community Work Services", "action_flag": 2, "change_message": "[{\"changed\": {\"fields\": [\"Name\"]}}]"}}, {"model": "admin.logentry", "pk": 34, "fields": {"action_time": "2023-09-05T21:15:50.565Z", "user": "admin@gmail.com", "content_type": 9, "object_id": "8", "object_repr": "Women Ministry", "action_flag": 1, "change_message": "[{\"added\": {}}]"}}, {"model": "admin.logentry", "pk": 35, "fields": {"action_time": "2023-09-05T21:16:12.522Z", "user": "admin@gmail.com", "content_type": 9, "object_id": "9", "object_repr": "Adventist Youth Ministry", "action_flag": 1, "change_message": "[{\"added\": {}}]"}}, {"model": "admin.logentry", "pk": 36, "fields": {"action_time": "2023-09-05T21:16:33.264Z", "user": "admin@gmail.com", "content_type": 9, "object_id": "10", "object_repr": "Lay Ministry", "action_flag": 1, "change_message": "[{\"added\": {}}]"}}, {"model": "admin.logentry", "pk": 37, "fields": {"action_time": "2023-09-05T21:16:48.827Z", "user": "admin@gmail.com", "content_type": 9, "object_id": "11", "object_repr": "Stewardship", "action_flag": 1, "change_message": "[{\"added\": {}}]"}}, {"model": "admin.logentry", "pk": 38, "fields": {"action_time": "2023-09-05T21:17:04.213Z", "user": "admin@gmail.com", "content_type": 9, "object_id": "12", "object_repr": "Communication", "action_flag": 1, "change_message": "[{\"added\": {}}]"}}, {"model": "admin.logentry", "pk": 39, "fields": {"action_time": "2023-09-05T21:17:13.110Z", "user": "admin@gmail.com", "content_type": 9, "object_id": "13", "object_repr": "Music", "action_flag": 1, "change_message": "[{\"added\": {}}]"}}, {"model": "admin.logentry", "pk": 40, "fields": {"action_time": "2023-09-05T21:17:30.278Z", "user": "admin@gmail.com", "content_type": 9, "object_id": "11", "object_repr": "Stewardship", "action_flag": 3, "change_message": ""}}, {"model": "admin.logentry", "pk": 41, "fields": {"action_time": "2023-09-05T21:17:49.148Z", "user": "admin@gmail.com", "content_type": 9, "object_id": "8", "object_repr": "Women Ministry", "action_flag": 3, "change_message": ""}}, {"model": "admin.logentry", "pk": 42, "fields": {"action_time": "2023-09-05T21:17:58.598Z", "user": "admin@gmail.com", "content_type": 9, "object_id": "3", "object_repr": "Women Ministry", "action_flag": 2, "change_message": "[{\"changed\": {\"fields\": [\"Name\"]}}]"}}, {"model": "admin.logentry", "pk": 43, "fields": {"action_time": "2023-09-05T21:18:10.890Z", "user": "admin@gmail.com", "content_type": 9, "object_id": "4", "object_repr": "Stewardship", "action_flag": 2, "change_message": "[{\"changed\": {\"fields\": [\"Name\"]}}]"}}, {"model": "admin.logentry", "pk": 44, "fields": {"action_time": "2023-09-05T21:18:24.897Z", "user": "admin@gmail.com", "content_type": 9, "object_id": "2", "object_repr": "Adventist Youth", "action_flag": 3, "change_message": ""}}, {"model": "admin.logentry", "pk": 45, "fields": {"action_time": "2023-09-05T21:18:35.404Z", "user": "admin@gmail.com", "content_type": 9, "object_id": "1", "object_repr": "Ministry", "action_flag": 3, "change_message": ""}}, {"model": "admin.logentry", "pk": 46, "fields": {"action_time": "2023-09-05T21:22:35.827Z", "user": "admin@gmail.com", "content_type": 14, "object_id": "5", "object_repr": "Sion Shami", "action_flag": 3, "change_message": ""}}, {"model": "admin.logentry", "pk": 47, "fields": {"action_time": "2023-09-05T21:37:40.719Z", "user": "admin@gmail.com", "content_type": 3, "object_id": "7", "object_repr": "Normal user", "action_flag": 1, "change_message": "[{\"added\": {}}]"}}, {"model": "admin.logentry", "pk": 48, "fields": {"action_time": "2023-09-05T21:38:55.535Z", "user": "admin@gmail.com", "content_type": 3, "object_id": "7", "object_repr": "NormalUser", "action_flag": 2, "change_message": "[{\"changed\": {\"fields\": [\"Name\"]}}]"}}, {"model": "admin.logentry", "pk": 49, "fields": {"action_time": "2023-09-05T21:44:57.227Z", "user": "admin@gmail.com", "content_type": 6, "object_id": "eric@gmail.com", "object_repr": "Eric Ishimwe", "action_flag": 3, "change_message": ""}}, {"model": "admin.logentry", "pk": 50, "fields": {"action_time": "2023-09-05T21:47:52.143Z", "user": "admin@gmail.com", "content_type": 6, "object_id": "eric@gmail.com", "object_repr": "Eric Ishimwe", "action_flag": 3, "change_message": ""}}, {"model": "admin.logentry", "pk": 51, "fields": {"action_time": "2023-09-07T17:37:45.894Z", "user": "admin@gmail.com", "content_type": 15, "object_id": "1", "object_repr": "Payment object (1)", "action_flag": 2, "change_message": "[{\"changed\": {\"fields\": [\"Donation type\"]}}]"}}, {"model": "admin.logentry", "pk": 52, "fields": {"action_time": "2023-09-08T08:28:09.021Z", "user": "admin@gmail.com", "content_type": 18, "object_id": "4", "object_repr": "Women Ministry", "action_flag": 2, "change_message": "[{\"changed\": {\"fields\": [\"Start date\", \"End date\"]}}]"}}, {"model": "admin.logentry", "pk": 53, "fields": {"action_time": "2023-09-08T08:28:19.903Z", "user": "admin@gmail.com", "content_type": 18, "object_id": "3", "object_repr": "Community Work Services", "action_flag": 2, "change_message": "[{\"changed\": {\"fields\": [\"Start date\", \"End date\"]}}]"}}, {"model": "admin.logentry", "pk": 54, "fields": {"action_time": "2023-09-08T08:28:34.112Z", "user": "admin@gmail.com", "content_type": 18, "object_id": "1", "object_repr": "Adventist Youth Ministry", "action_flag": 2, "change_message": "[{\"changed\": {\"fields\": [\"Start date\", \"End date\"]}}]"}}, {"model": "admin.logentry", "pk": 55, "fields": {"action_time": "2023-09-08T08:28:39.548Z", "user": "admin@gmail.com", "content_type": 18, "object_id": "1", "object_repr": "Adventist Youth Ministry", "action_flag": 2, "change_message": "[]"}}, {"model": "admin.logentry", "pk": 56, "fields": {"action_time": "2023-09-08T08:28:49.066Z", "user": "admin@gmail.com", "content_type": 18, "object_id": "2", "object_repr": "Stewardship", "action_flag": 2, "change_message": "[{\"changed\": {\"fields\": [\"Start date\", \"End date\"]}}]"}}, {"model": "admin.logentry", "pk": 57, "fields": {"action_time": "2023-09-08T08:28:53.565Z", "user": "admin@gmail.com", "content_type": 18, "object_id": "4", "object_repr": "Women Ministry", "action_flag": 2, "change_message": "[]"}}, {"model": "admin.logentry", "pk": 58, "fields": {"action_time": "2023-09-10T16:36:25.903Z", "user": "admin@gmail.com", "content_type": 11, "object_id": "17", "object_repr": "Mifem Evangelism", "action_flag": 2, "change_message": "[{\"changed\": {\"fields\": [\"Title\", \"Budget\"]}}]"}}, {"model": "admin.logentry", "pk": 59, "fields": {"action_time": "2023-09-10T16:36:42.112Z", "user": "admin@gmail.com", "content_type": 11, "object_id": "19", "object_repr": "Mifem Evangelism", "action_flag": 2, "change_message": "[{\"changed\": {\"fields\": [\"Title\", \"Budget\"]}}]"}}, {"model": "auth.permission", "pk": 1, "fields": {"name": "Can add log entry", "content_type": 1, "codename": "add_logentry"}}, {"model": "auth.permission", "pk": 2, "fields": {"name": "Can change log entry", "content_type": 1, "codename": "change_logentry"}}, {"model": "auth.permission", "pk": 3, "fields": {"name": "Can delete log entry", "content_type": 1, "codename": "delete_logentry"}}, {"model": "auth.permission", "pk": 4, "fields": {"name": "Can view log entry", "content_type": 1, "codename": "view_logentry"}}, {"model": "auth.permission", "pk": 5, "fields": {"name": "Can add permission", "content_type": 2, "codename": "add_permission"}}, {"model": "auth.permission", "pk": 6, "fields": {"name": "Can change permission", "content_type": 2, "codename": "change_permission"}}, {"model": "auth.permission", "pk": 7, "fields": {"name": "Can delete permission", "content_type": 2, "codename": "delete_permission"}}, {"model": "auth.permission", "pk": 8, "fields": {"name": "Can view permission", "content_type": 2, "codename": "view_permission"}}, {"model": "auth.permission", "pk": 9, "fields": {"name": "Can add group", "content_type": 3, "codename": "add_group"}}, {"model": "auth.permission", "pk": 10, "fields": {"name": "Can change group", "content_type": 3, "codename": "change_group"}}, {"model": "auth.permission", "pk": 11, "fields": {"name": "Can delete group", "content_type": 3, "codename": "delete_group"}}, {"model": "auth.permission", "pk": 12, "fields": {"name": "Can view group", "content_type": 3, "codename": "view_group"}}, {"model": "auth.permission", "pk": 13, "fields": {"name": "Can add content type", "content_type": 4, "codename": "add_contenttype"}}, {"model": "auth.permission", "pk": 14, "fields": {"name": "Can change content type", "content_type": 4, "codename": "change_contenttype"}}, {"model": "auth.permission", "pk": 15, "fields": {"name": "Can delete content type", "content_type": 4, "codename": "delete_contenttype"}}, {"model": "auth.permission", "pk": 16, "fields": {"name": "Can view content type", "content_type": 4, "codename": "view_contenttype"}}, {"model": "auth.permission", "pk": 17, "fields": {"name": "Can add session", "content_type": 5, "codename": "add_session"}}, {"model": "auth.permission", "pk": 18, "fields": {"name": "Can change session", "content_type": 5, "codename": "change_session"}}, {"model": "auth.permission", "pk": 19, "fields": {"name": "Can delete session", "content_type": 5, "codename": "delete_session"}}, {"model": "auth.permission", "pk": 20, "fields": {"name": "Can view session", "content_type": 5, "codename": "view_session"}}, {"model": "auth.permission", "pk": 21, "fields": {"name": "Can add user", "content_type": 6, "codename": "add_member"}}, {"model": "auth.permission", "pk": 22, "fields": {"name": "Can change user", "content_type": 6, "codename": "change_member"}}, {"model": "auth.permission", "pk": 23, "fields": {"name": "Can delete user", "content_type": 6, "codename": "delete_member"}}, {"model": "auth.permission", "pk": 24, "fields": {"name": "Can view user", "content_type": 6, "codename": "view_member"}}, {"model": "auth.permission", "pk": 25, "fields": {"name": "Can add activity", "content_type": 7, "codename": "add_activity"}}, {"model": "auth.permission", "pk": 26, "fields": {"name": "Can change activity", "content_type": 7, "codename": "change_activity"}}, {"model": "auth.permission", "pk": 27, "fields": {"name": "Can delete activity", "content_type": 7, "codename": "delete_activity"}}, {"model": "auth.permission", "pk": 28, "fields": {"name": "Can view activity", "content_type": 7, "codename": "view_activity"}}, {"model": "auth.permission", "pk": 29, "fields": {"name": "Can add announcement", "content_type": 8, "codename": "add_announcement"}}, {"model": "auth.permission", "pk": 30, "fields": {"name": "Can change announcement", "content_type": 8, "codename": "change_announcement"}}, {"model": "auth.permission", "pk": 31, "fields": {"name": "Can delete announcement", "content_type": 8, "codename": "delete_announcement"}}, {"model": "auth.permission", "pk": 32, "fields": {"name": "Can view announcement", "content_type": 8, "codename": "view_announcement"}}, {"model": "auth.permission", "pk": 33, "fields": {"name": "Can add department", "content_type": 9, "codename": "add_department"}}, {"model": "auth.permission", "pk": 34, "fields": {"name": "Can change department", "content_type": 9, "codename": "change_department"}}, {"model": "auth.permission", "pk": 35, "fields": {"name": "Can delete department", "content_type": 9, "codename": "delete_department"}}, {"model": "auth.permission", "pk": 36, "fields": {"name": "Can view department", "content_type": 9, "codename": "view_department"}}, {"model": "auth.permission", "pk": 37, "fields": {"name": "Can add participation", "content_type": 10, "codename": "add_participation"}}, {"model": "auth.permission", "pk": 38, "fields": {"name": "Can change participation", "content_type": 10, "codename": "change_participation"}}, {"model": "auth.permission", "pk": 39, "fields": {"name": "Can delete participation", "content_type": 10, "codename": "delete_participation"}}, {"model": "auth.permission", "pk": 40, "fields": {"name": "Can view participation", "content_type": 10, "codename": "view_participation"}}, {"model": "auth.permission", "pk": 41, "fields": {"name": "Can add event", "content_type": 11, "codename": "add_event"}}, {"model": "auth.permission", "pk": 42, "fields": {"name": "Can change event", "content_type": 11, "codename": "change_event"}}, {"model": "auth.permission", "pk": 43, "fields": {"name": "Can delete event", "content_type": 11, "codename": "delete_event"}}, {"model": "auth.permission", "pk": 44, "fields": {"name": "Can view event", "content_type": 11, "codename": "view_event"}}, {"model": "auth.permission", "pk": 45, "fields": {"name": "Can add church board", "content_type": 12, "codename": "add_churchboard"}}, {"model": "auth.permission", "pk": 46, "fields": {"name": "Can change church board", "content_type": 12, "codename": "change_churchboard"}}, {"model": "auth.permission", "pk": 47, "fields": {"name": "Can delete church board", "content_type": 12, "codename": "delete_churchboard"}}, {"model": "auth.permission", "pk": 48, "fields": {"name": "Can view church board", "content_type": 12, "codename": "view_churchboard"}}, {"model": "auth.permission", "pk": 49, "fields": {"name": "Can add tithe offering", "content_type": 13, "codename": "add_titheoffering"}}, {"model": "auth.permission", "pk": 50, "fields": {"name": "Can change tithe offering", "content_type": 13, "codename": "change_titheoffering"}}, {"model": "auth.permission", "pk": 51, "fields": {"name": "Can delete tithe offering", "content_type": 13, "codename": "delete_titheoffering"}}, {"model": "auth.permission", "pk": 52, "fields": {"name": "Can view tithe offering", "content_type": 13, "codename": "view_titheoffering"}}, {"model": "auth.permission", "pk": 53, "fields": {"name": "Can add department hod", "content_type": 14, "codename": "add_departmenthod"}}, {"model": "auth.permission", "pk": 54, "fields": {"name": "Can change department hod", "content_type": 14, "codename": "change_departmenthod"}}, {"model": "auth.permission", "pk": 55, "fields": {"name": "Can delete department hod", "content_type": 14, "codename": "delete_departmenthod"}}, {"model": "auth.permission", "pk": 56, "fields": {"name": "Can view department hod", "content_type": 14, "codename": "view_departmenthod"}}, {"model": "auth.permission", "pk": 57, "fields": {"name": "Can add payment", "content_type": 15, "codename": "add_payment"}}, {"model": "auth.permission", "pk": 58, "fields": {"name": "Can change payment", "content_type": 15, "codename": "change_payment"}}, {"model": "auth.permission", "pk": 59, "fields": {"name": "Can delete payment", "content_type": 15, "codename": "delete_payment"}}, {"model": "auth.permission", "pk": 60, "fields": {"name": "Can view payment", "content_type": 15, "codename": "view_payment"}}, {"model": "auth.permission", "pk": 61, "fields": {"name": "Can add Plan", "content_type": 16, "codename": "add_flwplanmodel"}}, {"model": "auth.permission", "pk": 62, "fields": {"name": "Can change Plan", "content_type": 16, "codename": "change_flwplanmodel"}}, {"model": "auth.permission", "pk": 63, "fields": {"name": "Can delete Plan", "content_type": 16, "codename": "delete_flwplanmodel"}}, {"model": "auth.permission", "pk": 64, "fields": {"name": "Can view Plan", "content_type": 16, "codename": "view_flwplanmodel"}}, {"model": "auth.permission", "pk": 65, "fields": {"name": "Can add Transaction", "content_type": 17, "codename": "add_flwtransactionmodel"}}, {"model": "auth.permission", "pk": 66, "fields": {"name": "Can change Transaction", "content_type": 17, "codename": "change_flwtransactionmodel"}}, {"model": "auth.permission", "pk": 67, "fields": {"name": "Can delete Transaction", "content_type": 17, "codename": "delete_flwtransactionmodel"}}, {"model": "auth.permission", "pk": 68, "fields": {"name": "Can view Transaction", "content_type": 17, "codename": "view_flwtransactionmodel"}}, {"model": "auth.permission", "pk": 69, "fields": {"name": "Can add budget", "content_type": 18, "codename": "add_budget"}}, {"model": "auth.permission", "pk": 70, "fields": {"name": "Can change budget", "content_type": 18, "codename": "change_budget"}}, {"model": "auth.permission", "pk": 71, "fields": {"name": "Can delete budget", "content_type": 18, "codename": "delete_budget"}}, {"model": "auth.permission", "pk": 72, "fields": {"name": "Can view budget", "content_type": 18, "codename": "view_budget"}}, {"model": "auth.group", "pk": 4, "fields": {"name": "Church board", "permissions": [28, 32, 36, 44]}}, {"model": "auth.group", "pk": 5, "fields": {"name": "HOD", "permissions": [25, 26, 27, 28, 29, 30, 31, 32, 41, 42, 43, 44]}}, {"model": "auth.group", "pk": 6, "fields": {"name": "Admin", "permissions": [1, 2, 3, 4, 9, 10, 11, 12, 5, 6, 7, 8, 25, 26, 27, 28, 29, 30, 31, 32, 45, 46, 47, 48, 33, 34, 35, 36, 41, 42, 43, 44, 21, 22, 23, 24, 37, 38, 39, 40, 13, 14, 15, 16, 17, 18, 19, 20]}}, {"model": "auth.group", "pk": 7, "fields": {"name": "NormalUser", "permissions": []}}, {"model": "contenttypes.contenttype", "pk": 1, "fields": {"app_label": "admin", "model": "logentry"}}, {"model": "contenttypes.contenttype", "pk": 2, "fields": {"app_label": "auth", "model": "permission"}}, {"model": "contenttypes.contenttype", "pk": 3, "fields": {"app_label": "auth", "model": "group"}}, {"model": "contenttypes.contenttype", "pk": 4, "fields": {"app_label": "contenttypes", "model": "contenttype"}}, {"model": "contenttypes.contenttype", "pk": 5, "fields": {"app_label": "sessions", "model": "session"}}, {"model": "contenttypes.contenttype", "pk": 6, "fields": {"app_label": "churchActivities", "model": "member"}}, {"model": "contenttypes.contenttype", "pk": 7, "fields": {"app_label": "churchActivities", "model": "activity"}}, {"model": "contenttypes.contenttype", "pk": 8, "fields": {"app_label": "churchActivities", "model": "announcement"}}, {"model": "contenttypes.contenttype", "pk": 9, "fields": {"app_label": "churchActivities", "model": "department"}}, {"model": "contenttypes.contenttype", "pk": 10, "fields": {"app_label": "churchActivities", "model": "participation"}}, {"model": "contenttypes.contenttype", "pk": 11, "fields": {"app_label": "churchActivities", "model": "event"}}, {"model": "contenttypes.contenttype", "pk": 12, "fields": {"app_label": "churchActivities", "model": "churchboard"}}, {"model": "contenttypes.contenttype", "pk": 13, "fields": {"app_label": "churchActivities", "model": "titheoffering"}}, {"model": "contenttypes.contenttype", "pk": 14, "fields": {"app_label": "churchActivities", "model": "departmenthod"}}, {"model": "contenttypes.contenttype", "pk": 15, "fields": {"app_label": "churchActivities", "model": "payment"}}, {"model": "contenttypes.contenttype", "pk": 16, "fields": {"app_label": "djangoflutterwave", "model": "flwplanmodel"}}, {"model": "contenttypes.contenttype", "pk": 17, "fields": {"app_label": "djangoflutterwave", "model": "flwtransactionmodel"}}, {"model": "contenttypes.contenttype", "pk": 18, "fields": {"app_label": "churchActivities", "model": "budget"}}, {"model": "sessions.session", "pk": "0ocov8dsei92oanx3b8k6v9ym00dyol6", "fields": {"session_data": ".eJxVzM0OgjAQBOB36dk0tPYHPRnvPgPZdncB0da0cDK-u5Bw0ONkvpm36GCZh26pVLoRxVnkCQoVuMT8fNUZmMfUyzWIwy8NECdKm8c7pD6vIs1lDHIjcm-rvGWkx3W3fwcD1GFde0OobbCsfTDWkI9MBhvEE1lWkZhBKadNwxS188ah0sfouW0NgY5KfL6jqEH3:1qJIQT:A9uqiQUl7FvApkNHt0gHhUY36rfv0DQNujkcUBS6W7M", "expire_date": "2023-07-25T18:49:29.025Z"}}, {"model": "sessions.session", "pk": "222odothsj877sj94yz6zwkb1fbfjt63", "fields": {"session_data": ".eJxVzcsOgjAQheF36do0NJ1BcGXc-wxkyplCFUrCZWV8dyVhoevz5fwv08i29s226NwkmIsRjClfu1HSYNtpNKdfEaR9at4ZHpK76SvyOqdgd2KPdbH3CTrcDvt30MvS7xGHqnRaVsTMEbV6z-QDvINoCFTEkh2iau0ExIgcFcXZc4ggIm_eH8hAPiM:1qcjLi:ZHsesbKeBnbH2IvLhy9_O1VdQO5gJDMJ02ASqgZIx00", "expire_date": "2023-09-17T09:24:54.534Z"}}, {"model": "sessions.session", "pk": "3bnd36t9iv4r0fiow879ctw908j0aj7g", "fields": {"session_data": ".eJxVzcsOgjAQheF36do0NJ1BcGXc-wxkyplCFUrCZWV8dyVhoevz5fwv08i29s226NwkmIsRjClfu1HSYNtpNKdfEaR9at4ZHpK76SvyOqdgd2KPdbH3CTrcDvt30MvS7xGHqnRaVsTMEbV6z-QDvINoCFTEkh2iau0ExIgcFcXZc4ggIm_eH8hAPiM:1qWtiG:xCuZjfMFdD-43Pcx1K4IMJMgf95pqap7ac1L4iH43RU", "expire_date": "2023-09-01T07:16:04.172Z"}}, {"model": "sessions.session", "pk": "455mgypjczeone6qrrfkaaeyx2ssxb80", "fields": {"session_data": ".eJxVzMEOgjAQBNB_6dk0bC1d8GS8-w1kt12ggjQp4MX470LCQa8zb-atGlqXvllnyU0M6qLSGF9R8kBZMpnCFHDtnhRH7dNTnX45kx9k2jfhQVOXNjEtObLeiT7aWd9TkPF22L-DnuZ-W9uWsQ0ILKVDDzU5sUJnEMKqdOzBsqnAGODWB7aCrmaxWOKWWCeiPl8ns0JQ:1rgTZ0:hkr7AKhMx0TMK7KLDqRNgtEDbI9WWOV28WehHd_2bkI", "expire_date": "2024-03-16T17:54:22.748Z"}}, {"model": "sessions.session", "pk": "5e4lz2bd3onbhj7sv5qnexmm8yc08y6b", "fields": {"session_data": ".eJxVzMsOgjAQheF36do0UOhAXRn3PkMz05lCFUrCZWV8dyFhoevznf-tPG5r77dFZp9YXRXymPKtGzENOkyjuvwKwvCSfDB-Yu6mXeR1TqQPos910Y-JZbif9i_Q49Lvb3JS1JZJDFpXQiCEFrgRMmxKIdcwkEjFEG1lQxVrbAHAuOjIUdGS-nwB21k-Ng:1qH4kp:J51L31ibah-yW7HSAbu-vLOhj64y9tvdLX3WEzCq32o", "expire_date": "2023-07-19T15:49:19.644Z"}}, {"model": "sessions.session", "pk": "abypr6ps6928gnt9pyvtogft3t9pm3b6", "fields": {"session_data": ".eJxVzDkOgzAQheG7uI4s8MKYVFH6nAGNZ8bghEViqaLcPSBRJPX73v9WDW5r12yLzE1mdVUkPGe6tQPmXtM0qMsviUgvGQ_HTxzbaRfjOueoD6LPddGPiaW_n_Yv0OHS7W-g6I0zJjmpwSeRwtmqLBECemIEV0Xri2BAgq8th0gJ6tJES8AoyajPF_H_Pc4:1qmh2B:a0KybmevkM-i3iYLogK_NSiigNi8Q5bjctUEtXffMl4", "expire_date": "2023-10-14T20:57:55.491Z"}}, {"model": "sessions.session", "pk": "egq4niobyuycub892czo3kijiiso3hwz", "fields": {"session_data": ".eJxVzEsOgyAYBOC7sG4IBVHsqnHfM5j_AUqrkPhYNb17MXHRbme-mbfoYd_Gfl_90kcWNwE8x3QfZoiTpDyLy69AoJdPB-MnpCEXkbYlojyIPNtVPjL7qTvt38EI61jWlSNT18qhZzStDx4oNGiulm3tkJzSmnRrKtVoA0FZS8wlBaga3aIm8fkCxwA9tg:1qshA2:hsRN3SKl7txwl8aI8PO8Y76CmCPAPxkshzxWjHSSKfI", "expire_date": "2023-10-31T10:18:50.162Z"}}, {"model": "sessions.session", "pk": "g8rlnxoe8gs2fcb40vvv1tsals6sohzw", "fields": {"session_data": ".eJxVzDkOgzAQheG7uI4s8MKYVFH6nAGNZ8bghEViqaLcPSBRJPX73v9WDW5r12yLzE1mdVUkPGe6tQPmXtM0qMsviUgvGQ_HTxzbaRfjOueoD6LPddGPiaW_n_Yv0OHS7W-g6I0zJjmpwSeRwtmqLBECemIEV0Xri2BAgq8th0gJ6tJES8AoyajPF_H_Pc4:1rgV6N:Xa_U95xLLI90hLstNjfp462unjvJoO3qnxWvh8Au2tY", "expire_date": "2024-03-16T19:32:55.793Z"}}, {"model": "sessions.session", "pk": "k18zr94grtjstce7zp3f2nst74itvypd", "fields": {"session_data": ".eJxVzTsOwjAQBNC7uEaW119Cheg5Q7TrNbEhHylOKsTdSaQUUM-bmbdocV1yu9Y0t4XFRdSMQ7l2A5ZexmkQp19BGF9p3Bk_ceymTYzLXEjuRB5plfeJU3877N9Axpr3dvCxUWAY4OHANuSQjE_Jm0YrHZiAtHXBKu3ROgzOR5MiMZyBtxclPl-jkT0b:1qh5OB:50Iy-keC8w5v-w08iEWglA2XrdAZXOSAhv_0ZEcF9oo", "expire_date": "2023-09-29T09:45:27.581Z"}}, {"model": "sessions.session", "pk": "n3716onj5k3sjgtjxus422bt0umvy7cw", "fields": {"session_data": ".eJxVzEsOgjAUheG9dGyaQmsfjgxz19BcuLe0AiXh4cS4d0vCQMfnO_-bedi36PeVFp-Q3dhAr5Tv_QRp5N08scuvaKEbKB8Mn5D7uYi8LanlB-HnuvLHjDQ2p_0LRFhjeStDlUIHtsJg0elaGQhktFDCiKuUQZJ0QXTGggsWtKpJF640mMoKcuzzBbXlPQY:1qSNH0:Ntv51V9W1hPqBhPAzoiZzxnbX-lMs1bt3Fe-UF7g28g", "expire_date": "2023-08-19T19:49:14.260Z"}}, {"model": "sessions.session", "pk": "ohlad0r1dnfdzxcri8s0558v2encbixs", "fields": {"session_data": ".eJxVzEsOgjAUheG9dGyaQmsfjgxz19BcuLe0AiXh4cS4d0vCQMfnO_-bedi36PeVFp-Q3dhAr5Tv_QRp5N08scuvaKEbKB8Mn5D7uYi8LanlB-HnuvLHjDQ2p_0LRFhjeStDlUIHtsJg0elaGQhktFDCiKuUQZJ0QXTGggsWtKpJF640mMoKcuzzBbXlPQY:1qQ1r6:dysTlgKtusmxVrohrFvX17yBkLOPaKKbv9O7u9UhBpU", "expire_date": "2023-08-13T08:32:48.923Z"}}, {"model": "sessions.session", "pk": "pf72062gpdz2ejfj2yolpwtwap4ucaau", "fields": {"session_data": ".eJxVzcsOgjAQheF36do0NJ1BcGXc-wxkyplCFUrCZWV8dyVhoevz5fwv08i29s226NwkmIsRjClfu1HSYNtpNKdfEaR9at4ZHpK76SvyOqdgd2KPdbH3CTrcDvt30MvS7xGHqnRaVsTMEbV6z-QDvINoCFTEkh2iau0ExIgcFcXZc4ggIm_eH8hAPiM:1qQYun:hHTxBD82UO7FSUBd1iyplVj0R_RxUtXDTqJI7NY3gIU", "expire_date": "2023-08-14T19:50:49.933Z"}}, {"model": "sessions.session", "pk": "s3vy8zgp28xhhlsgrbx2vqurvclgfomh", "fields": {"session_data": ".eJxVzMsOgjAQheF36do00wsWXBn3PgMZZqaAYJtwWRjjuwsJC12f7_xvVeO6dPU6y1T3rC5qwFdOLNf2if2oKT_V6dc0SIOkHfIDU5s3kZapb_RO9LHO-p5Zxtth_wIdzt32LoDPQrb0VUCUIADGVC6gL0rD4k3pgiMmT2w5EjhBgAg2io-2YV-pzxdUCz6Q:1qdKob:56sCIgsXo8kG2UNriM9Cq3bxPwUVL_4gFyilujqeWH0", "expire_date": "2023-09-19T01:25:13.544Z"}}, {"model": "churchActivities.department", "pk": 3, "fields": {"name": "Women Ministry"}}, {"model": "churchActivities.department", "pk": 4, "fields": {"name": "Stewardship"}}, {"model": "churchActivities.department", "pk": 5, "fields": {"name": "None"}}, {"model": "churchActivities.department", "pk": 6, "fields": {"name": "Community Work Services"}}, {"model": "churchActivities.department", "pk": 7, "fields": {"name": "Sabbath School"}}, {"model": "churchActivities.department", "pk": 9, "fields": {"name": "Adventist Youth Ministry"}}, {"model": "churchActivities.department", "pk": 10, "fields": {"name": "Lay Ministry"}}, {"model": "churchActivities.department", "pk": 12, "fields": {"name": "Communication"}}, {"model": "churchActivities.department", "pk": 13, "fields": {"name": "Music"}}, {"model": "churchActivities.departmenthod", "pk": 2, "fields": {"department": 3, "hod": "jeannine@gmail.com"}}, {"model": "churchActivities.departmenthod", "pk": 3, "fields": {"department": 4, "hod": "kayonde@gmail.com"}}, {"model": "churchActivities.departmenthod", "pk": 4, "fields": {"department": 5, "hod": "admin@gmail.com"}}, {"model": "churchActivities.departmenthod", "pk": 6, "fields": {"department": 6, "hod": "deo@gmail.com"}}, {"model": "churchActivities.departmenthod", "pk": 7, "fields": {"department": 9, "hod": "shami@gmail.com"}}, {"model": "churchActivities.member", "pk": "Durant@gmail.com", "fields": {"last_login": "2023-08-03T12:08:55.071Z", "is_superuser": false, "is_staff": false, "is_active": true, "date_joined": "2023-08-03T12:08:54.771Z", "first_name": "Kevin", "last_name": "Durant", "phone": "0789484942", "status": "", "password": "pbkdf2_sha256$600000$lDqfP2YRAMxbMBjGdbg9f2$6XLeIPhDhHn2W+9zWgwd+M4z5YUrWeae3qm2iuYPFMw=", "username": "Durant@gmail.com", "groups": [], "user_permissions": []}}, {"model": "churchActivities.member", "pk": "Godwin@gmail.com", "fields": {"last_login": "2023-08-03T12:04:17.571Z", "is_superuser": false, "is_staff": false, "is_active": true, "date_joined": "2023-08-03T12:04:17.077Z", "first_name": "John", "last_name": "Godwin", "phone": "0789484942", "status": "", "password": "pbkdf2_sha256$600000$GnUzobi6oDVCAPdSdoKLXT$bojtD5ngiN8+AwyGXlRrgfrBmUhWwUzguvqkAzcqCSk=", "username": "Godwin@gmail.com", "groups": [], "user_permissions": []}}, {"model": "churchActivities.member", "pk": "Ndikumwenayo@gmail.com", "fields": {"last_login": "2023-08-03T12:06:36.057Z", "is_superuser": false, "is_staff": false, "is_active": true, "date_joined": "2023-08-03T12:06:35.481Z", "first_name": "Joshua", "last_name": "Ndikumwenayo", "phone": "0789484942", "status": "", "password": "pbkdf2_sha256$600000$2gvMsgCU1Lw7RiBTzmtp5I$JBT4cyin682PT6wkSKRm0CpSqmdo1aW3arh0cJ6UbBY=", "username": "Ndikumwenayo@gmail.com", "groups": [], "user_permissions": []}}, {"model": "churchActivities.member", "pk": "admin@gmail.com", "fields": {"last_login": "2023-10-17T10:18:50.110Z", "is_superuser": true, "is_staff": true, "is_active": true, "date_joined": "2023-07-10T17:25:38Z", "first_name": "Olivier", "last_name": "Karera", "phone": "0789484942", "status": "Regular Member", "password": "pbkdf2_sha256$260000$tCDU4zmQ2W47hHdurjRTem$CfMzEUAeVolxP0JYNUsdKYPuG1sqPPFBVBsM8/T4jWE=", "username": "admin@gmail.com", "groups": [5, 6], "user_permissions": []}}, {"model": "churchActivities.member", "pk": "cedric@gmail.com", "fields": {"last_login": "2024-03-02T19:32:55.775Z", "is_superuser": false, "is_staff": false, "is_active": true, "date_joined": "2023-08-28T17:59:33.253Z", "first_name": "Cedric", "last_name": "Ndikumwenayo", "phone": "0789484942", "status": "", "password": "pbkdf2_sha256$260000$oql2quSP0U0UDResKEha33$8lObiV3GLTqi9N3XqI7iVGG5IQFkOdK4rQBHJj9lYzw=", "username": "cedric@gmail.com", "groups": [], "user_permissions": []}}, {"model": "churchActivities.member", "pk": "deo@gmail.com", "fields": {"last_login": "2023-09-07T21:10:22.063Z", "is_superuser": false, "is_staff": false, "is_active": true, "date_joined": "2023-09-05T19:38:18.782Z", "first_name": "Deogratias", "last_name": "Nteziryayo", "phone": "0780732171", "status": "", "password": "pbkdf2_sha256$600000$FW4WnwnIeu6t1tTXTLmN5c$klUGesS+/dX2duBt9KOBEqWE/YsvqB+xpLTNjMMcBlQ=", "username": "deo@gmail.com", "groups": [5], "user_permissions": []}}, {"model": "churchActivities.member", "pk": "eric@gmail.com", "fields": {"last_login": "2023-09-05T21:49:11.810Z", "is_superuser": false, "is_staff": false, "is_active": true, "date_joined": "2023-09-05T21:49:11.466Z", "first_name": "Eric", "last_name": "Ishimwe", "phone": "0783839332", "status": "", "password": "pbkdf2_sha256$600000$zOmb4hnUYWPgC6zBxQC0kH$HZpaGsCWN/s6/0Jx0fHfuGECC55POaxR5phGoivH4BE=", "username": "eric@gmail.com", "groups": [7], "user_permissions": []}}, {"model": "churchActivities.member", "pk": "gatera@gmail.com", "fields": {"last_login": "2023-07-10T18:16:25Z", "is_superuser": false, "is_staff": false, "is_active": true, "date_joined": "2023-07-10T18:16:01Z", "first_name": "charmant", "last_name": "Gatera", "phone": "1234567890", "status": "Regular Member", "password": "pbkdf2_sha256$600000$XBc0LFM5ln8hohBTlkuGni$Q/k2rMFRay9HeDhBa5lxE3h8PYAA2GlDv8gtGAvLwBo=", "username": "gatera@gmail.com", "groups": [], "user_permissions": []}}, {"model": "churchActivities.member", "pk": "godwin@gmail.com", "fields": {"last_login": "2023-07-28T14:19:18Z", "is_superuser": false, "is_staff": false, "is_active": true, "date_joined": "2023-07-28T14:19:18Z", "first_name": "John", "last_name": "Godwin", "phone": "0789484942", "status": "Visitor", "password": "pbkdf2_sha256$600000$Ibubn1NtoPIxogmVdsSsjK$yBNEJixvHj60kNHHyy4dsx8k/3c5fODqIBe4l5PU+Eo=", "username": "godwin@gmail.com", "groups": [], "user_permissions": []}}, {"model": "churchActivities.member", "pk": "jeannine@gmail.com", "fields": {"last_login": "2023-09-15T09:39:14.354Z", "is_superuser": false, "is_staff": false, "is_active": true, "date_joined": "2023-07-10T17:38:47Z", "first_name": "Jeannine", "last_name": "Uwiringiyimana", "phone": "1234567890", "status": "Regular Member", "password": "pbkdf2_sha256$260000$C8dMPd1s08uOXE3yNvGGYF$myG3LCZxI1PundFD9CA5ANVqU+4OA7T/gAS2j8TsnPg=", "username": "jeannine@gmail.com", "groups": [5], "user_permissions": []}}, {"model": "churchActivities.member", "pk": "kayonde@gmail.com", "fields": {"last_login": "2023-09-07T19:11:18.189Z", "is_superuser": false, "is_staff": false, "is_active": true, "date_joined": "2023-09-05T01:22:50.137Z", "first_name": "Jean Paul", "last_name": "Kayonde", "phone": "078383932", "status": "", "password": "pbkdf2_sha256$600000$nfsEXBRf7PNb7402f8jxCE$RnlbNxj0rO4m4e95+2mX4gtdQhoOSVPfx/pH3qeAMRI=", "username": "kayonde@gmail.com", "groups": [5], "user_permissions": []}}, {"model": "churchActivities.member", "pk": "kevin@gmail.com", "fields": {"last_login": "2023-08-05T19:49:14.245Z", "is_superuser": false, "is_staff": false, "is_active": true, "date_joined": "2023-07-30T08:32:48Z", "first_name": "Kevin", "last_name": "Durant", "phone": "0789484942", "status": "Visitor", "password": "pbkdf2_sha256$600000$NA5T3IASqkt4yysS6CfKTl$3XNAlt3aLXtBptKvaE+0K3tlW/zpLQN5shTE9drKBGo=", "username": "kevin@gmail.com", "groups": [4, 5], "user_permissions": []}}, {"model": "churchActivities.member", "pk": "okarera@compstaffing.com", "fields": {"last_login": "2023-07-11T18:49:29Z", "is_superuser": false, "is_staff": false, "is_active": true, "date_joined": "2023-07-10T17:24:00Z", "first_name": "Olivier", "last_name": "Karera", "phone": "0987654321", "status": "Regular Member", "password": "pbkdf2_sha256$600000$U2ZJEJw71s8VLkIKKD9n6X$HTMf3Do3HDvxmMstUrACwH6pe4Xu/6f5I61ttcaprRg=", "username": "okarera@compstaffing.com", "groups": [], "user_permissions": []}}, {"model": "churchActivities.member", "pk": "olivierkarera20201@gmail.com", "fields": {"last_login": "2024-03-02T17:54:22.715Z", "is_superuser": false, "is_staff": false, "is_active": true, "date_joined": "2024-03-02T17:54:22.164Z", "first_name": "Olivier", "last_name": "KARERA", "phone": "0780732171", "status": "", "password": "pbkdf2_sha256$260000$dMYQ33epsapkBZKNki1aWe$JxMOw37kmKW68HB6vZuCiXti0Sy7bro8teI5aNSbdiQ=", "username": "olivierkarera20201@gmail.com", "groups": [7], "user_permissions": []}}, {"model": "churchActivities.member", "pk": "shami@gmail.com", "fields": {"last_login": "2023-09-15T09:45:27.532Z", "is_superuser": false, "is_staff": false, "is_active": true, "date_joined": "2023-08-28T17:46:39.687Z", "first_name": "Sion", "last_name": "Shami", "phone": "0789484942", "status": "", "password": "pbkdf2_sha256$260000$cEoBztWgL0jYW2ooXm3hwm$rUzlJ5ZwSw91/cWuE8raJaWmS1bfcMC/r1GjVAvg4a8=", "username": "shami@gmail.com", "groups": [5], "user_permissions": []}}, {"model": "churchActivities.event", "pk": 11, "fields": {"title": "Wedding", "description": "Testing", "budget": "640.00", "department": 4, "due_date": "2023-07-16", "end_date": "2023-07-29", "status": "Completed"}}, {"model": "churchActivities.event", "pk": 12, "fields": {"title": "Mifem Bootcamp", "description": "Mission is to inspire women into ministry.", "budget": "50000.00", "department": 4, "due_date": "2023-08-31", "end_date": "2023-09-10", "status": "Completed"}}, {"model": "churchActivities.event", "pk": 13, "fields": {"title": "Umuganda", "description": "testing", "budget": "50000.00", "department": null, "due_date": "2023-09-15", "end_date": "2023-09-15", "status": "Pending"}}, {"model": "churchActivities.event", "pk": 16, "fields": {"title": "Auca Graduation", "description": "Testing", "budget": "500000.00", "department": 3, "due_date": "2023-09-21", "end_date": "2023-09-28", "status": "Pending"}}, {"model": "churchActivities.event", "pk": 17, "fields": {"title": "Mifem Evangelism", "description": "d", "budget": "75000.00", "department": 3, "due_date": "2023-09-23", "end_date": "2023-09-24", "status": "Pending"}}, {"model": "churchActivities.event", "pk": 18, "fields": {"title": "test", "description": "d", "budget": "45.00", "department": 3, "due_date": "2023-09-15", "end_date": "2023-09-21", "status": "Pending"}}, {"model": "churchActivities.event", "pk": 19, "fields": {"title": "Mifem Evangelism", "description": "f", "budget": "450000.00", "department": 3, "due_date": "2023-09-20", "end_date": "2023-09-15", "status": "Pending"}}, {"model": "churchActivities.event", "pk": 20, "fields": {"title": "Auca Graduation", "description": "Buying Necessary Materials", "budget": "500000.00", "department": 4, "due_date": "2023-09-29", "end_date": "2023-09-30", "status": "Pending"}}, {"model": "churchActivities.event", "pk": 21, "fields": {"title": "Sound System", "description": "d", "budget": "100000.00", "department": 4, "due_date": "2023-09-14", "end_date": "2023-09-16", "status": "Completed"}}, {"model": "churchActivities.event", "pk": 22, "fields": {"title": "Umuganda", "description": "Testing", "budget": "100000.00", "department": 6, "due_date": "2023-09-21", "end_date": "2023-09-28", "status": "Pending"}}, {"model": "churchActivities.event", "pk": 23, "fields": {"title": "Bootcamp", "description": "Testing", "budget": "100000.00", "department": 7, "due_date": "2023-09-23", "end_date": "2023-09-23", "status": "Completed"}}, {"model": "churchActivities.event", "pk": 24, "fields": {"title": "Pathfinder Boot camp", "description": "Testing", "budget": "50000.00", "department": 7, "due_date": "2023-09-22", "end_date": "2023-10-05", "status": "Canceled"}}, {"model": "churchActivities.event", "pk": 25, "fields": {"title": "Pathfinder Bootcamp", "description": "Test", "budget": "100000.00", "department": 7, "due_date": "2023-09-21", "end_date": "2023-09-30", "status": "Completed"}}, {"model": "churchActivities.event", "pk": 26, "fields": {"title": "Pathfinder Bootcamp", "description": "Pathfinder Evangelism", "budget": "100000.00", "department": 9, "due_date": "2023-09-12", "end_date": "2023-09-30", "status": "Pending"}}, {"model": "churchActivities.event", "pk": 27, "fields": {"title": "Pathfinder Evangelism", "description": "Testing", "budget": "145000.00", "department": 9, "due_date": "2023-09-06", "end_date": "2023-09-30", "status": "Completed"}}, {"model": "churchActivities.event", "pk": 28, "fields": {"title": "Visiting Orphans", "description": "Testing", "budget": "100000.00", "department": 9, "due_date": "2023-09-06", "end_date": "2023-09-29", "status": "Canceled"}}, {"model": "churchActivities.event", "pk": 29, "fields": {"title": "Ambassadors Compaign", "description": "testing", "budget": "100000.00", "department": 7, "due_date": "2023-09-14", "end_date": "2023-10-07", "status": "Completed"}}, {"model": "churchActivities.event", "pk": 30, "fields": {"title": "Adventurers Compaign", "description": "Testing", "budget": "200000.00", "department": 9, "due_date": "2023-09-13", "end_date": "2023-09-23", "status": "Pending"}}, {"model": "churchActivities.event", "pk": 31, "fields": {"title": "Young Adults compaign", "description": "testing", "budget": "132000.00", "department": 9, "due_date": "2023-10-07", "end_date": "2023-10-08", "status": "Pending"}}, {"model": "churchActivities.event", "pk": 32, "fields": {"title": "Youth Compaign", "description": "Testing", "budget": "120000.00", "department": 7, "due_date": "2023-09-22", "end_date": "2023-09-30", "status": "Completed"}}, {"model": "churchActivities.event", "pk": 33, "fields": {"title": "Camporee", "description": "Tesing", "budget": "50000.00", "department": 9, "due_date": "2023-09-23", "end_date": "2023-09-30", "status": "Pending"}}, {"model": "churchActivities.event", "pk": 34, "fields": {"title": "Cooking Training", "description": "Tes", "budget": "120000.00", "department": 3, "due_date": "2023-09-22", "end_date": "2023-09-30", "status": "Pending"}}, {"model": "churchActivities.activity", "pk": 6, "fields": {"title": "Visiting Orphans", "description": "The purpose of the visit, is to help the orphans and also share with them the Gospel of Jesus.", "event": 12, "due_date": "2023-09-01", "end_date": "2023-09-01", "status": "Completed"}}, {"model": "churchActivities.activity", "pk": 8, "fields": {"title": "Buying new Chairs", "description": "Testing", "event": 20, "due_date": "2023-09-22", "end_date": "2023-09-15", "status": "Pending"}}, {"model": "churchActivities.activity", "pk": 9, "fields": {"title": "Umuganda 1", "description": "Testing", "event": 22, "due_date": "2023-09-21", "end_date": "2023-09-22", "status": "Pending"}}, {"model": "churchActivities.activity", "pk": 10, "fields": {"title": "Awarding the best", "description": "Testing", "event": 30, "due_date": "2023-10-07", "end_date": "2023-10-07", "status": "Completed"}}, {"model": "churchActivities.activity", "pk": 11, "fields": {"title": "Helping orphans", "description": "Testing", "event": 26, "due_date": "2023-08-28", "end_date": "2023-09-06", "status": "Completed"}}, {"model": "churchActivities.activity", "pk": 12, "fields": {"title": "Buying health for poor around the church", "description": "Testing", "event": 27, "due_date": "2023-09-30", "end_date": "2023-10-07", "status": "Completed"}}, {"model": "churchActivities.activity", "pk": 13, "fields": {"title": "Buying bibles for the poor", "description": "Evangelism around the neighbourhood of the church", "event": 27, "due_date": "2023-08-15", "end_date": "2023-09-13", "status": "Completed"}}, {"model": "churchActivities.activity", "pk": 14, "fields": {"title": "Visiting Akagera National Park", "description": "Testing", "event": 29, "due_date": "2023-09-29", "end_date": "2023-10-06", "status": "Pending"}}, {"model": "churchActivities.activity", "pk": 15, "fields": {"title": "Buying cleanliness materials", "description": "Testing", "event": 28, "due_date": "2023-09-28", "end_date": "2023-09-30", "status": "Pending"}}, {"model": "churchActivities.announcement", "pk": 6, "fields": {"title": "Emerance & Moise Wedding", "description": "The wedding will take place at Nyarubande Church.", "due_date": "2023-09-30", "date_created": "2023-08-27"}}, {"model": "churchActivities.announcement", "pk": 7, "fields": {"title": "Adventurers Campaign", "description": "Adventurers Campaign will equip our young ones with the necessary bible teachings to help them to grow glorifying our heavenly father.", "due_date": "2023-09-28", "date_created": "2023-09-11"}}, {"model": "churchActivities.announcement", "pk": 8, "fields": {"title": "Fari and Arthur Wedding", "description": "Lorem, ipsum dolor sit amet consectetur adipisicing elit. Sunt id, quo voluptas ab ducimus ipsam, numquam provident quam deserunt excepturi facere autem quisquam magni facilis impedit? Velit accusantium voluptas amet?", "due_date": "2023-09-22", "date_created": "2023-09-15"}}, {"model": "churchActivities.announcement", "pk": 9, "fields": {"title": "Olsen and Teta wedding", "description": "Lorem, ipsum dolor sit amet consectetur adipisicing elit. Sunt id, quo voluptas ab ducimus ipsam, numquam provident quam deserunt excepturi facere autem quisquam magni facilis impedit? Velit accusantium voluptas amet?", "due_date": "2023-09-23", "date_created": "2023-09-15"}}, {"model": "churchActivities.announcement", "pk": 10, "fields": {"title": "Adventist youth Compaign", "description": "Lorem, ipsum dolor sit amet consectetur adipisicing elit. Sunt id, quo voluptas ab ducimus ipsam, numquam provident quam deserunt excepturi facere autem quisquam magni facilis impedit? Velit accusantium voluptas amet?", "due_date": "2023-09-23", "date_created": "2023-09-15"}}, {"model": "churchActivities.announcement", "pk": 11, "fields": {"title": "Mifem bootcamp", "description": "Lorem, ipsum dolor sit amet consectetur adipisicing elit. Sunt id, quo voluptas ab ducimus ipsam, numquam provident quam deserunt excepturi facere autem quisquam magni facilis impedit? Velit accusantium voluptas amet?", "due_date": "2023-09-23", "date_created": "2023-09-15"}}, {"model": "churchActivities.titheoffering", "pk": 4, "fields": {"offering_type": "Tithe", "sabbath": "First Sabbath", "quarter": "First Quarter", "returned": 60000.0, "date": "2023-08-27", "returner": 321}}, {"model": "churchActivities.titheoffering", "pk": 5, "fields": {"offering_type": "Tithe", "sabbath": "Second Sabbath", "quarter": "First Quarter", "returned": 60000.0, "date": "2023-08-27", "returner": 324}}, {"model": "churchActivities.titheoffering", "pk": 6, "fields": {"offering_type": "Offerings", "sabbath": "First Sabbath", "quarter": "First Quarter", "returned": 35000.0, "date": "2023-08-27", "returner": 321}}, {"model": "churchActivities.titheoffering", "pk": 7, "fields": {"offering_type": "Umusaruro", "sabbath": "First Sabbath", "quarter": "First Quarter", "returned": 45000.0, "date": "2023-08-27", "returner": 100}}, {"model": "churchActivities.titheoffering", "pk": 8, "fields": {"offering_type": "Offerings", "sabbath": "First Sabbath", "quarter": "Second Quarter", "returned": 350000.0, "date": "2023-08-27", "returner": 103}}, {"model": "churchActivities.payment", "pk": 1, "fields": {"member": "shami@gmail.com", "department": 3, "donation_type": "Donation", "amount_given": 4000.0, "date_created": "2023-09-07"}}, {"model": "churchActivities.payment", "pk": 2, "fields": {"member": "shami@gmail.com", "department": 6, "donation_type": "Tithe", "amount_given": 4000.0, "date_created": "2023-09-07"}}, {"model": "churchActivities.payment", "pk": 3, "fields": {"member": "shami@gmail.com", "department": 6, "donation_type": "Donation", "amount_given": 4000.0, "date_created": "2023-09-07"}}, {"model": "churchActivities.payment", "pk": 4, "fields": {"member": "shami@gmail.com", "department": 9, "donation_type": "Iteraniro Rikuru", "amount_given": 4000.0, "date_created": "2023-09-07"}}, {"model": "churchActivities.payment", "pk": 5, "fields": {"member": "admin@gmail.com", "department": 3, "donation_type": "Tithe", "amount_given": 100.0, "date_created": "2023-09-08"}}, {"model": "churchActivities.payment", "pk": 6, "fields": {"member": "admin@gmail.com", "department": 12, "donation_type": "Donation", "amount_given": 4000.0, "date_created": "2023-09-08"}}, {"model": "churchActivities.payment", "pk": 7, "fields": {"member": "admin@gmail.com", "department": 3, "donation_type": "Tithe", "amount_given": 100.0, "date_created": "2023-09-08"}}, {"model": "churchActivities.payment", "pk": 8, "fields": {"member": "admin@gmail.com", "department": 4, "donation_type": "Tithe", "amount_given": 100.0, "date_created": "2023-09-08"}}, {"model": "churchActivities.payment", "pk": 9, "fields": {"member": "admin@gmail.com", "department": 3, "donation_type": "Tithe", "amount_given": 100.0, "date_created": "2023-09-08"}}, {"model": "churchActivities.payment", "pk": 10, "fields": {"member": "admin@gmail.com", "department": 3, "donation_type": "Donation", "amount_given": 30000.0, "date_created": "2023-09-10"}}, {"model": "churchActivities.payment", "pk": 11, "fields": {"member": "shami@gmail.com", "department": 3, "donation_type": "Donation", "amount_given": 10000.0, "date_created": "2023-09-10"}}, {"model": "churchActivities.payment", "pk": 12, "fields": {"member": "shami@gmail.com", "department": 3, "donation_type": "Inyubako", "amount_given": 1200.0, "date_created": "2023-09-10"}}, {"model": "churchActivities.payment", "pk": 13, "fields": {"member": "admin@gmail.com", "department": 4, "donation_type": "Donation", "amount_given": 1000.0, "date_created": "2023-09-10"}}, {"model": "churchActivities.payment", "pk": 14, "fields": {"member": "admin@gmail.com", "department": 4, "donation_type": "Donation", "amount_given": 300.0, "date_created": "2023-09-10"}}, {"model": "churchActivities.payment", "pk": 15, "fields": {"member": "admin@gmail.com", "department": 6, "donation_type": "Umusaruro", "amount_given": 4000.0, "date_created": "2023-09-10"}}, {"model": "churchActivities.payment", "pk": 16, "fields": {"member": "admin@gmail.com", "department": 3, "donation_type": "Iteraniro Rikuru", "amount_given": 4000.0, "date_created": "2023-09-10"}}, {"model": "churchActivities.payment", "pk": 17, "fields": {"member": "admin@gmail.com", "department": 7, "donation_type": "Donation", "amount_given": 100.0, "date_created": "2023-09-10"}}, {"model": "churchActivities.payment", "pk": 18, "fields": {"member": "admin@gmail.com", "department": 4, "donation_type": "Tithe", "amount_given": 4000.0, "date_created": "2023-09-10"}}, {"model": "churchActivities.payment", "pk": 19, "fields": {"member": "admin@gmail.com", "department": 4, "donation_type": "Tithe", "amount_given": 4000.0, "date_created": "2023-09-10"}}, {"model": "churchActivities.payment", "pk": 20, "fields": {"member": "admin@gmail.com", "department": 4, "donation_type": "Umusaruro", "amount_given": 4000.0, "date_created": "2023-09-10"}}, {"model": "churchActivities.payment", "pk": 21, "fields": {"member": "admin@gmail.com", "department": 3, "donation_type": "Tithe", "amount_given": 4000.0, "date_created": "2023-09-10"}}, {"model": "churchActivities.payment", "pk": 22, "fields": {"member": "admin@gmail.com", "department": 6, "donation_type": "Tithe", "amount_given": 6.0, "date_created": "2023-09-10"}}, {"model": "churchActivities.payment", "pk": 23, "fields": {"member": "admin@gmail.com", "department": 6, "donation_type": "Tithe", "amount_given": 40.0, "date_created": "2023-09-10"}}, {"model": "churchActivities.payment", "pk": 24, "fields": {"member": "admin@gmail.com", "department": 4, "donation_type": "Offerings", "amount_given": 40.0, "date_created": "2023-09-10"}}, {"model": "churchActivities.payment", "pk": 25, "fields": {"member": "admin@gmail.com", "department": 4, "donation_type": "Tithe", "amount_given": 8.0, "date_created": "2023-09-10"}}, {"model": "churchActivities.payment", "pk": 26, "fields": {"member": "admin@gmail.com", "department": 10, "donation_type": "Tithe", "amount_given": 4000.0, "date_created": "2023-09-10"}}, {"model": "churchActivities.payment", "pk": 27, "fields": {"member": "admin@gmail.com", "department": 4, "donation_type": "Tithe", "amount_given": 4000.0, "date_created": "2023-09-10"}}, {"model": "churchActivities.payment", "pk": 28, "fields": {"member": "admin@gmail.com", "department": 4, "donation_type": "Tithe", "amount_given": 4000.0, "date_created": "2023-09-10"}}, {"model": "churchActivities.payment", "pk": 29, "fields": {"member": "admin@gmail.com", "department": 4, "donation_type": "Tithe", "amount_given": 4000.0, "date_created": "2023-09-10"}}, {"model": "churchActivities.payment", "pk": 30, "fields": {"member": "admin@gmail.com", "department": 4, "donation_type": "Tithe", "amount_given": 4000.0, "date_created": "2023-09-10"}}, {"model": "churchActivities.payment", "pk": 31, "fields": {"member": "admin@gmail.com", "department": 4, "donation_type": "Offerings", "amount_given": 4000.0, "date_created": "2023-09-10"}}, {"model": "churchActivities.payment", "pk": 32, "fields": {"member": "admin@gmail.com", "department": 7, "donation_type": "Donation", "amount_given": 45.0, "date_created": "2023-09-10"}}, {"model": "churchActivities.payment", "pk": 33, "fields": {"member": "admin@gmail.com", "department": 7, "donation_type": "Umusaruro", "amount_given": 200.0, "date_created": "2023-09-10"}}, {"model": "churchActivities.payment", "pk": 34, "fields": {"member": "admin@gmail.com", "department": 10, "donation_type": "Donation", "amount_given": 4000.0, "date_created": "2023-09-10"}}, {"model": "churchActivities.payment", "pk": 35, "fields": {"member": "admin@gmail.com", "department": 4, "donation_type": "Umusaruro", "amount_given": 4000.0, "date_created": "2023-09-10"}}, {"model": "churchActivities.payment", "pk": 36, "fields": {"member": "admin@gmail.com", "department": 10, "donation_type": "Iteraniro Rikuru", "amount_given": 4000.0, "date_created": "2023-09-10"}}, {"model": "churchActivities.payment", "pk": 37, "fields": {"member": "admin@gmail.com", "department": 4, "donation_type": "Tithe", "amount_given": 4000.0, "date_created": "2023-09-10"}}, {"model": "churchActivities.payment", "pk": 38, "fields": {"member": "admin@gmail.com", "department": 4, "donation_type": "Tithe", "amount_given": 4000.0, "date_created": "2023-09-10"}}, {"model": "churchActivities.payment", "pk": 39, "fields": {"member": "admin@gmail.com", "department": 4, "donation_type": "Tithe", "amount_given": 4000.0, "date_created": "2023-09-10"}}, {"model": "churchActivities.payment", "pk": 40, "fields": {"member": "admin@gmail.com", "department": 3, "donation_type": "Offerings", "amount_given": 4000.0, "date_created": "2023-09-10"}}, {"model": "churchActivities.payment", "pk": 41, "fields": {"member": "admin@gmail.com", "department": 3, "donation_type": "Tithe", "amount_given": 4000.0, "date_created": "2023-09-10"}}, {"model": "churchActivities.payment", "pk": 42, "fields": {"member": "cedric@gmail.com", "department": 9, "donation_type": "Donation", "amount_given": 4000.0, "date_created": "2023-09-10"}}, {"model": "churchActivities.payment", "pk": 43, "fields": {"member": "cedric@gmail.com", "department": 9, "donation_type": "Tithe", "amount_given": 4000.0, "date_created": "2023-09-10"}}, {"model": "churchActivities.payment", "pk": 44, "fields": {"member": "cedric@gmail.com", "department": 4, "donation_type": "Donation", "amount_given": 4000.0, "date_created": "2023-09-10"}}, {"model": "churchActivities.payment", "pk": 45, "fields": {"member": "cedric@gmail.com", "department": 4, "donation_type": "Tithe", "amount_given": 4000.0, "date_created": "2023-09-10"}}, {"model": "churchActivities.payment", "pk": 46, "fields": {"member": "jeannine@gmail.com", "department": 3, "donation_type": "Umusaruro", "amount_given": 4000.0, "date_created": "2023-09-10"}}, {"model": "churchActivities.payment", "pk": 47, "fields": {"member": "admin@gmail.com", "department": 3, "donation_type": "Tithe", "amount_given": 200.0, "date_created": "2023-09-10"}}, {"model": "churchActivities.payment", "pk": 48, "fields": {"member": "admin@gmail.com", "department": 3, "donation_type": "Donation", "amount_given": 40.0, "date_created": "2023-09-10"}}, {"model": "churchActivities.payment", "pk": 49, "fields": {"member": "admin@gmail.com", "department": 9, "donation_type": "Donation", "amount_given": 40.0, "date_created": "2023-09-10"}}, {"model": "churchActivities.payment", "pk": 50, "fields": {"member": "admin@gmail.com", "department": 3, "donation_type": "Donation", "amount_given": 40.0, "date_created": "2023-09-10"}}, {"model": "churchActivities.payment", "pk": 51, "fields": {"member": "cedric@gmail.com", "department": 3, "donation_type": "Donation", "amount_given": 40.0, "date_created": "2023-09-10"}}, {"model": "churchActivities.payment", "pk": 52, "fields": {"member": "cedric@gmail.com", "department": 4, "donation_type": "Donation", "amount_given": 30.0, "date_created": "2023-09-10"}}, {"model": "churchActivities.payment", "pk": 53, "fields": {"member": "cedric@gmail.com", "department": 3, "donation_type": "Donation", "amount_given": 100.0, "date_created": "2023-09-10"}}, {"model": "churchActivities.payment", "pk": 54, "fields": {"member": "cedric@gmail.com", "department": 3, "donation_type": "Donation", "amount_given": 100.0, "date_created": "2023-09-10"}}, {"model": "churchActivities.payment", "pk": 55, "fields": {"member": "cedric@gmail.com", "department": 3, "donation_type": "Donation", "amount_given": 100.0, "date_created": "2023-09-10"}}, {"model": "churchActivities.payment", "pk": 56, "fields": {"member": "cedric@gmail.com", "department": 3, "donation_type": "Tithe", "amount_given": 100.0, "date_created": "2023-09-10"}}, {"model": "churchActivities.payment", "pk": 57, "fields": {"member": "cedric@gmail.com", "department": 3, "donation_type": "Offerings", "amount_given": 4000.0, "date_created": "2023-09-10"}}, {"model": "churchActivities.payment", "pk": 58, "fields": {"member": "shami@gmail.com", "department": 9, "donation_type": "Donation", "amount_given": 4500.0, "date_created": "2023-09-11"}}, {"model": "churchActivities.payment", "pk": 59, "fields": {"member": "admin@gmail.com", "department": 9, "donation_type": "Donation", "amount_given": 100.0, "date_created": "2023-09-15"}}, {"model": "churchActivities.payment", "pk": 60, "fields": {"member": "admin@gmail.com", "department": 4, "donation_type": "Donation", "amount_given": 100.0, "date_created": "2023-09-15"}}, {"model": "churchActivities.payment", "pk": 61, "fields": {"member": "admin@gmail.com", "department": 6, "donation_type": "Donation", "amount_given": 100.0, "date_created": "2023-09-15"}}, {"model": "churchActivities.payment", "pk": 62, "fields": {"member": "admin@gmail.com", "department": 9, "donation_type": "Donation", "amount_given": 100.0, "date_created": "2023-09-15"}}, {"model": "churchActivities.payment", "pk": 63, "fields": {"member": "admin@gmail.com", "department": 9, "donation_type": "Donation", "amount_given": 100.0, "date_created": "2023-09-15"}}, {"model": "churchActivities.payment", "pk": 64, "fields": {"member": "admin@gmail.com", "department": 9, "donation_type": "Donation", "amount_given": 100.0, "date_created": "2023-09-15"}}, {"model": "churchActivities.payment", "pk": 65, "fields": {"member": "admin@gmail.com", "department": 9, "donation_type": "Donation", "amount_given": 100.0, "date_created": "2023-09-15"}}, {"model": "churchActivities.payment", "pk": 66, "fields": {"member": "admin@gmail.com", "department": 9, "donation_type": "Donation", "amount_given": 100.0, "date_created": "2023-09-15"}}, {"model": "churchActivities.payment", "pk": 67, "fields": {"member": "admin@gmail.com", "department": 12, "donation_type": "Donation", "amount_given": 100.0, "date_created": "2023-09-15"}}, {"model": "churchActivities.payment", "pk": 68, "fields": {"member": "admin@gmail.com", "department": 9, "donation_type": "Donation", "amount_given": 100.0, "date_created": "2023-09-15"}}, {"model": "churchActivities.payment", "pk": 69, "fields": {"member": "admin@gmail.com", "department": 9, "donation_type": "Donation", "amount_given": 100.0, "date_created": "2023-09-15"}}, {"model": "churchActivities.payment", "pk": 70, "fields": {"member": "admin@gmail.com", "department": 9, "donation_type": "Donation", "amount_given": 321.0, "date_created": "2023-09-15"}}, {"model": "churchActivities.payment", "pk": 71, "fields": {"member": "admin@gmail.com", "department": 7, "donation_type": "Donation", "amount_given": 4000.0, "date_created": "2023-09-15"}}, {"model": "churchActivities.payment", "pk": 72, "fields": {"member": "admin@gmail.com", "department": 3, "donation_type": "Donation", "amount_given": 564.0, "date_created": "2023-09-15"}}, {"model": "churchActivities.payment", "pk": 73, "fields": {"member": "cedric@gmail.com", "department": 9, "donation_type": "Donation", "amount_given": 100.0, "date_created": "2023-09-15"}}, {"model": "churchActivities.payment", "pk": 74, "fields": {"member": "cedric@gmail.com", "department": 12, "donation_type": "Donation", "amount_given": 100.0, "date_created": "2023-09-15"}}, {"model": "churchActivities.payment", "pk": 75, "fields": {"member": "cedric@gmail.com", "department": 3, "donation_type": "Donation", "amount_given": 100.0, "date_created": "2023-09-15"}}, {"model": "churchActivities.payment", "pk": 76, "fields": {"member": "cedric@gmail.com", "department": 12, "donation_type": "Donation", "amount_given": 105.0, "date_created": "2023-09-30"}}, {"model": "churchActivities.budget", "pk": 1, "fields": {"department": 9, "amount_from_church": 10000.0, "amount_from_members": 20000.0, "start_date": "2023-01-15", "end_date": "2023-12-23", "date_created": "2023-09-08"}}, {"model": "churchActivities.budget", "pk": 2, "fields": {"department": 4, "amount_from_church": 10000.0, "amount_from_members": 20000.0, "start_date": "2023-01-22", "end_date": "2023-12-29", "date_created": "2023-09-08"}}, {"model": "churchActivities.budget", "pk": 3, "fields": {"department": 6, "amount_from_church": 320000.0, "amount_from_members": 89000.0, "start_date": "2023-01-22", "end_date": "2023-12-29", "date_created": "2023-09-08"}}, {"model": "churchActivities.budget", "pk": 4, "fields": {"department": 3, "amount_from_church": 250000.0, "amount_from_members": 120000.0, "start_date": "2023-01-14", "end_date": "2023-12-29", "date_created": "2023-09-08"}}]